<?xml version="1.0" encoding="UTF-8"?>
 
<!DOCTYPE suite SYSTEM "http://testng.org/testng-1.0.dtd">
 
<suite name="Suite" parallel="tests">
 
 <test name="FirefoxTest">
 
 <parameter name="browser" value="firefox" />
 
 <classes>
 
 <class name="Utils.MultiBrowser" />
 
 </classes>
 
 </test>
 
 <test name="SafariTest">
 
 <parameter name="browser" value="safari" />
 
 <classes>
 
 <class name="Utils.MultiBrowser" />
 
 </classes>
 
 </test>
 </test>
 
 <test name="GCTest">
 
 <parameter name="browser" value="GC" />
 
 <classes>
 
 <class name="Utils.MultiBrowser" />
 
 </classes>
 
 </test>
 
</suite>